track_id,frame_id,timestamp,x,y,w,h,confidence,class_name
0,0,0.000,1612.75,6.12,305.92,985.91,0.9059,person
1,0,0.000,821.89,6.01,830.76,1067.29,0.9028,person
1,1,0.040,1609.02,5.91,306.35,987.04,0.8563,person
2,1,0.040,847.26,6.33,829.66,1065.82,0.9156,person
1,2,0.080,1630.62,5.86,289.38,965.59,0.6870,person
2,2,0.080,880.43,7.25,829.50,1064.37,0.8817,person
2,3,0.120,968.94,6.38,831.02,1065.21,0.8988,person
2,4,0.160,1073.15,4.25,831.72,1066.75,0.9216,person
2,5,0.200,1160.89,5.32,759.11,1061.93,0.9002,person
2,6,0.240,1219.57,4.23,700.43,1062.98,0.8994,person
2,7,0.280,1205.84,5.52,714.16,1061.41,0.8307,person
2,8,0.320,1182.18,7.04,737.82,1043.49,0.6729,person
2,9,0.360,1112.52,4.56,753.29,1011.54,0.9007,person
1,9,0.360,1619.02,6.95,300.98,1059.39,0.8398,person
2,10,0.400,1076.65,4.71,741.22,1006.84,0.8996,person
1,10,0.400,1627.52,5.64,292.48,1066.83,0.8620,person
2,11,0.440,1058.00,4.95,729.03,999.43,0.9191,person
1,11,0.440,1625.77,4.43,294.23,1069.37,0.8604,person
2,12,0.480,1037.44,6.91,714.52,990.08,0.9168,person
1,12,0.480,1617.90,2.45,302.10,1070.74,0.7704,person
2,13,0.520,1009.25,3.89,705.46,992.10,0.9232,person
1,13,0.520,1615.96,3.38,304.04,1067.85,0.8605,person
2,14,0.560,986.92,5.58,682.98,981.64,0.9152,person
1,14,0.560,1616.41,6.16,303.59,1065.92,0.9046,person
2,15,0.600,970.64,5.68,667.58,980.67,0.8081,person
1,15,0.600,1609.95,7.10,310.05,1068.82,0.8891,person
2,16,0.640,960.36,6.41,649.08,973.72,0.7400,person
1,16,0.640,1590.00,6.65,317.39,1070.17,0.8927,person
2,17,0.680,931.69,6.32,635.04,973.34,0.8174,person
1,17,0.680,1562.70,5.94,326.27,1071.68,0.8980,person
2,18,0.720,896.79,4.92,623.55,978.97,0.6453,person
1,18,0.720,1528.41,4.65,334.85,1070.13,0.8494,person
2,19,0.760,824.43,3.67,610.44,987.40,0.8457,person
1,19,0.760,1465.41,5.75,351.01,1067.94,0.8956,person
2,20,0.800,753.72,5.22,600.57,983.14,0.8711,person
1,20,0.800,1381.12,5.69,375.24,1069.62,0.9005,person
2,21,0.840,700.05,5.17,599.13,980.98,0.9207,person
1,21,0.840,1285.81,4.43,408.39,1068.26,0.9240,person
2,22,0.880,666.37,6.00,601.98,986.86,0.9158,person
1,22,0.880,1231.66,6.10,439.69,1067.04,0.9395,person
2,23,0.920,634.32,6.09,617.34,1016.03,0.9149,person
1,23,0.920,1197.17,4.08,471.41,1070.73,0.9100,person
2,24,0.960,617.91,5.83,606.89,1002.54,0.9110,person
1,24,0.960,1164.18,5.35,500.49,1070.87,0.9069,person
2,25,1.000,608.11,6.21,599.12,996.89,0.9045,person
1,25,1.000,1137.55,3.65,526.61,1074.25,0.9370,person
2,26,1.040,586.75,6.08,588.11,993.54,0.8978,person
1,26,1.040,1109.71,2.67,546.68,1077.23,0.9197,person
2,27,1.080,571.71,5.83,577.57,995.13,0.8378,person
1,27,1.080,1075.91,5.73,551.49,1069.98,0.9223,person
2,28,1.120,541.71,4.78,559.78,996.64,0.6743,person
1,28,1.120,1038.62,6.72,550.45,1066.55,0.9058,person
2,29,1.160,520.16,4.41,555.30,1001.49,0.6129,person
1,29,1.160,996.88,7.06,544.41,1066.88,0.9136,person
2,30,1.200,467.69,5.63,546.55,996.46,0.6614,person
1,30,1.200,952.12,5.89,529.27,1067.68,0.8813,person
2,31,1.240,416.38,5.52,548.69,993.36,0.8153,person
1,31,1.240,901.34,5.48,511.63,1067.99,0.8742,person
2,32,1.280,357.35,6.00,558.33,993.72,0.8479,person
1,32,1.280,855.05,5.03,500.27,1072.42,0.9013,person
2,33,1.320,287.68,4.72,567.44,997.61,0.8763,person
1,33,1.320,790.01,4.93,497.38,1067.81,0.8713,person
2,34,1.360,246.67,6.86,586.04,1008.51,0.8818,person
1,34,1.360,720.55,4.87,508.61,1068.48,0.9211,person
2,35,1.400,207.41,5.54,590.59,989.26,0.8952,person
1,35,1.400,646.78,4.89,529.20,1068.24,0.9175,person
4,35,1.400,1235.84,382.23,52.33,177.65,0.6419,person
2,36,1.440,167.12,7.60,599.57,980.75,0.8646,person
1,36,1.440,590.12,6.67,554.33,1067.65,0.9116,person
4,36,1.440,1238.40,384.72,51.87,176.11,0.5208,person
5,36,1.440,1248.36,389.74,88.50,171.62,0.6539,person
2,37,1.480,98.97,8.05,598.42,973.50,0.8397,person
1,37,1.480,553.15,6.92,579.94,1068.15,0.9217,person
4,37,1.480,1242.13,389.63,50.90,172.29,0.6589,person
5,37,1.480,1263.16,394.16,85.40,166.33,0.5660,person
2,38,1.520,74.71,7.48,607.21,975.18,0.8188,person
1,38,1.520,520.55,7.80,604.69,1066.00,0.9271,person
4,38,1.520,1244.93,392.98,50.26,168.77,0.7258,person
5,38,1.520,1273.01,396.25,83.18,163.57,0.6569,person
2,39,1.560,49.45,7.23,618.53,982.32,0.8456,person
1,39,1.560,496.76,6.95,627.18,1065.41,0.9324,person
4,39,1.560,1248.92,391.52,51.89,171.68,0.5955,person
5,39,1.560,1277.06,393.82,84.12,167.69,0.5409,person
2,40,1.600,21.04,7.48,619.54,978.04,0.8904,person
1,40,1.600,464.85,5.81,644.20,1068.45,0.9230,person
4,40,1.600,1252.35,395.78,51.58,166.64,0.6071,person
5,40,1.600,1282.72,395.03,81.85,165.56,0.5788,person
2,41,1.640,0.00,7.52,610.67,976.32,0.8212,person
1,41,1.640,419.96,6.18,651.73,1067.91,0.9476,person
4,41,1.640,1256.05,399.52,51.81,162.23,0.5246,person
2,42,1.680,0.00,7.01,568.99,977.02,0.5925,person
1,42,1.680,379.70,5.50,648.81,1066.87,0.9244,person
4,42,1.680,1257.07,395.91,54.87,166.06,0.6021,person
5,42,1.680,1290.32,397.15,78.86,162.97,0.5099,person
2,43,1.720,0.00,5.51,561.74,983.13,0.7943,person
1,43,1.720,337.79,5.74,637.50,1066.39,0.9303,person
4,43,1.720,1263.12,392.86,58.70,168.39,0.6711,person
6,43,1.720,837.77,350.77,60.62,220.23,0.7743,person
2,44,1.760,0.00,5.57,489.80,979.46,0.6811,person
1,44,1.760,294.63,6.84,616.55,1065.38,0.9100,person
4,44,1.760,1268.70,390.78,63.38,171.78,0.5957,person
6,44,1.760,841.98,352.00,57.73,208.77,0.7580,person
5,44,1.760,1297.84,393.49,78.96,168.47,0.5438,person
2,45,1.800,0.00,6.48,443.99,978.75,0.7530,person
1,45,1.800,232.37,4.99,592.22,1063.28,0.6553,person
4,45,1.800,1268.65,392.03,63.76,169.13,0.6166,person
6,45,1.800,844.30,348.96,60.19,216.10,0.7553,person
2,46,1.840,0.00,5.16,425.64,981.20,0.8823,person
1,46,1.840,185.80,3.61,570.71,1062.12,0.6364,person
4,46,1.840,1272.36,393.72,64.37,168.66,0.6276,person
6,46,1.840,849.40,352.34,60.68,216.02,0.7829,person
5,46,1.840,1311.37,394.93,76.10,166.42,0.5290,person
2,47,1.880,0.00,6.64,370.34,927.90,0.5532,person
1,47,1.880,129.87,5.63,558.89,1060.43,0.8490,person
4,47,1.880,1283.92,392.90,62.52,166.86,0.7322,person
6,47,1.880,855.50,354.79,61.35,215.42,0.7952,person
1,48,1.920,80.28,4.95,557.29,1061.53,0.7129,person
4,48,1.920,1291.27,390.05,61.68,167.99,0.6621,person
6,48,1.920,863.24,356.09,62.48,214.54,0.8193,person
1,49,1.960,32.54,6.28,563.26,1062.74,0.9264,person
4,49,1.960,1301.73,388.10,62.90,172.72,0.6150,person
6,49,1.960,866.75,357.92,63.94,213.58,0.8248,person
1,50,2.000,12.38,7.27,570.17,1065.04,0.9345,person
6,50,2.000,869.38,359.11,65.76,212.24,0.8188,person
7,50,2.000,618.00,358.06,87.09,248.83,0.7557,person
1,51,2.040,4.93,7.46,575.02,1064.60,0.9401,person
6,51,2.040,872.08,360.51,67.69,210.96,0.8300,person
7,51,2.040,620.57,359.34,86.54,247.64,0.7648,person
1,52,2.080,0.00,7.56,578.57,1064.22,0.9433,person
6,52,2.080,873.78,359.34,70.30,212.12,0.8371,person
7,52,2.080,622.57,359.59,86.16,247.35,0.7615,person
1,53,2.120,0.00,7.41,576.18,1064.87,0.9388,person
6,53,2.120,875.75,356.99,72.92,214.07,0.8412,person
7,53,2.120,625.23,360.67,85.29,246.14,0.7378,person
8,53,2.120,526.79,358.06,69.54,191.59,0.5132,person
1,54,2.160,0.00,5.98,556.97,1064.50,0.9335,person
6,54,2.160,877.20,356.25,75.00,214.91,0.8177,person
7,54,2.160,627.08,361.76,84.22,244.84,0.7330,person
8,54,2.160,533.16,357.19,69.11,190.88,0.6069,person
1,55,2.200,0.00,5.87,522.58,1059.33,0.9247,person
6,55,2.200,880.92,355.81,76.84,214.65,0.8197,person
7,55,2.200,627.98,360.62,83.85,245.70,0.7366,person
8,55,2.200,541.58,359.27,68.97,190.36,0.5976,person
1,56,2.240,0.00,5.43,475.01,1051.02,0.8861,person
6,56,2.240,883.28,353.69,79.24,216.02,0.8137,person
7,56,2.240,630.09,361.08,82.96,244.65,0.7215,person
8,56,2.240,551.31,356.97,70.97,194.27,0.6876,person
1,57,2.280,0.00,12.55,418.07,1040.31,0.5019,person
6,57,2.280,892.94,351.30,79.16,215.89,0.7567,person
7,57,2.280,635.42,359.20,84.10,246.59,0.7862,person
8,57,2.280,552.81,356.46,71.65,193.36,0.6771,person
1,58,2.320,0.00,4.44,354.65,1042.40,0.7631,person
6,58,2.320,902.28,350.26,74.73,203.04,0.5843,person
7,58,2.320,638.47,359.27,85.05,247.13,0.7444,person
8,58,2.320,559.84,362.03,69.58,184.95,0.6451,person
6,59,2.360,918.49,350.08,56.36,147.45,0.6746,person
7,59,2.360,639.05,359.85,85.87,246.96,0.7328,person
8,59,2.360,564.33,362.89,69.71,183.21,0.5872,person
6,60,2.400,928.91,350.29,46.84,114.51,0.5556,person
7,60,2.400,639.09,360.66,86.20,245.49,0.7249,person
6,61,2.440,940.17,349.96,41.17,93.48,0.5349,person
7,61,2.440,638.71,362.83,85.77,242.21,0.7055,person
6,62,2.480,941.93,350.02,37.73,81.96,0.5309,person
7,62,2.480,637.56,363.66,86.76,241.67,0.6964,person
0,64,2.560,649.32,366.99,53.47,103.58,0.5923,person
0,65,2.600,1112.43,332.50,88.90,104.10,0.5479,person
1,65,2.600,646.28,366.32,56.97,93.04,0.5016,person
0,66,2.640,642.75,362.95,61.70,75.29,0.5140,person
0,67,2.680,953.64,352.17,67.34,79.42,0.5236,person
4,71,2.840,1406.14,386.72,66.96,175.25,0.6287,person
4,72,2.880,1398.47,382.91,73.05,179.11,0.7406,person
0,73,2.920,641.26,338.18,89.41,92.97,0.6408,person
0,77,3.080,649.81,346.80,65.90,71.73,0.5516,person
0,78,3.120,999.22,355.70,66.77,197.62,0.6506,person
10,79,3.160,999.59,350.33,72.76,215.58,0.7682,person
10,80,3.200,1002.18,350.93,73.22,217.25,0.7598,person
10,81,3.240,1006.75,352.21,73.52,218.17,0.7255,person
10,82,3.280,1012.19,355.79,71.45,212.28,0.6679,person
10,83,3.320,1032.52,354.09,50.00,145.33,0.5506,person
11,83,3.320,760.13,366.82,55.76,206.37,0.7130,person
10,84,3.360,1043.64,356.53,38.80,109.67,0.7094,person
11,84,3.360,765.97,365.47,56.60,207.22,0.7213,person
10,85,3.400,1052.80,358.69,32.41,87.31,0.7138,person
11,85,3.400,773.69,364.39,57.58,207.67,0.7234,person
7,85,3.400,634.33,359.68,82.03,246.15,0.6688,person
10,86,3.440,1059.31,361.02,30.30,76.82,0.6774,person
11,86,3.440,779.00,365.23,57.49,206.01,0.6997,person
7,86,3.440,635.43,358.99,78.28,246.16,0.6754,person
10,87,3.480,1064.38,361.41,30.41,72.71,0.6478,person
11,87,3.480,779.90,372.76,55.61,199.51,0.6782,person
7,87,3.480,636.48,359.01,75.48,245.91,0.6526,person
10,88,3.520,1069.10,358.96,30.70,69.62,0.6658,person
11,88,3.520,783.81,364.97,59.09,210.46,0.7427,person
7,88,3.520,637.52,358.66,73.65,246.16,0.6646,person
7,89,3.560,638.03,360.09,71.84,244.78,0.6871,person
7,90,3.600,643.25,359.45,72.81,245.80,0.7050,person
7,91,3.640,648.20,359.30,74.32,246.92,0.7347,person
0,92,3.680,651.58,363.90,54.54,108.83,0.5809,person
1,92,3.680,817.55,358.72,52.98,72.89,0.5572,person
0,93,3.720,647.05,361.69,58.29,102.71,0.5121,person
0,94,3.760,650.47,362.88,54.20,78.69,0.5633,person
0,95,3.800,650.61,362.13,53.08,71.58,0.5466,person
0,96,3.840,652.04,359.56,55.80,72.38,0.5121,person
0,98,3.920,652.40,359.22,54.72,68.23,0.5225,person
0,102,4.080,1121.16,359.17,52.49,55.30,0.5588,person
0,105,4.200,1129.77,355.42,62.60,217.14,0.6880,person
12,106,4.240,1126.39,357.16,61.44,212.67,0.7494,person
12,107,4.280,1128.08,358.74,61.14,210.84,0.7343,person
12,108,4.320,1130.65,356.64,62.14,212.68,0.6987,person
12,109,4.360,1139.85,355.64,62.46,212.56,0.7147,person
12,110,4.400,1144.36,354.30,62.91,213.15,0.7573,person
12,111,4.440,1151.34,353.47,62.57,211.55,0.7362,person
13,111,4.440,933.72,371.08,90.62,202.29,0.7935,person
11,111,4.440,860.88,387.96,60.74,188.83,0.7703,person
12,112,4.480,1156.39,354.51,64.59,217.47,0.7442,person
13,112,4.480,937.28,372.76,90.54,201.57,0.8212,person
11,112,4.480,871.60,390.70,61.78,184.87,0.6231,person
12,113,4.520,1162.19,356.72,63.47,212.21,0.7521,person
13,113,4.520,939.66,370.19,91.84,203.84,0.8003,person
11,113,4.520,870.12,390.49,65.23,185.05,0.8340,person
12,114,4.560,1165.56,358.60,63.99,211.35,0.7655,person
13,114,4.560,946.88,374.02,89.24,197.84,0.6988,person
11,114,4.560,868.97,390.74,68.08,184.27,0.8407,person
12,115,4.600,1167.93,357.23,66.19,213.69,0.8092,person
13,115,4.600,952.49,366.92,91.80,205.22,0.7084,person
11,115,4.600,868.68,391.36,70.94,183.85,0.8129,person
12,116,4.640,1172.13,358.50,67.46,210.78,0.8026,person
13,116,4.640,959.06,363.69,90.30,204.17,0.7392,person
11,116,4.640,868.56,392.24,73.66,183.56,0.8027,person
12,117,4.680,1175.31,360.38,69.77,209.44,0.7927,person
13,117,4.680,969.87,366.18,86.05,197.53,0.8089,person
11,117,4.680,870.58,394.14,75.70,182.57,0.7571,person
12,118,4.720,1177.43,361.27,71.56,207.84,0.8046,person
13,118,4.720,980.16,367.50,83.66,195.40,0.7786,person
11,118,4.720,874.66,393.74,77.00,182.87,0.7570,person
14,118,4.720,615.39,359.83,106.31,244.56,0.6138,person
12,119,4.760,1178.47,362.85,73.42,206.62,0.7797,person
13,119,4.760,986.75,366.79,83.97,199.78,0.7625,person
11,119,4.760,877.62,392.37,78.10,183.85,0.7743,person
14,119,4.760,619.89,361.24,104.80,243.01,0.6326,person
12,120,4.800,1179.69,361.98,75.86,207.77,0.7300,person
13,120,4.800,992.65,362.26,85.20,206.06,0.7832,person
11,120,4.800,879.94,391.43,78.73,185.16,0.7832,person
14,120,4.800,619.89,361.60,103.40,242.21,0.6824,person
12,121,4.840,1181.09,360.67,78.61,209.51,0.7703,person
13,121,4.840,999.32,361.62,84.66,205.72,0.7764,person
11,121,4.840,882.65,391.07,79.16,186.28,0.7868,person
14,121,4.840,619.00,361.52,102.12,242.12,0.6948,person
12,122,4.880,1181.17,361.57,79.96,208.25,0.7771,person
13,122,4.880,1005.65,366.79,83.02,200.43,0.7957,person
11,122,4.880,889.14,390.70,77.95,186.18,0.7639,person
14,122,4.880,619.01,363.22,99.76,239.84,0.6723,person
12,123,4.920,1185.06,359.77,80.53,207.36,0.6851,person
13,123,4.920,1014.68,366.96,81.91,197.00,0.7257,person
11,123,4.920,894.59,389.47,76.55,187.62,0.7462,person
14,123,4.920,619.21,362.65,98.47,240.65,0.6855,person
13,124,4.960,1019.85,366.00,83.90,199.46,0.7780,person
11,124,4.960,900.67,387.79,75.22,189.78,0.7232,person
14,124,4.960,619.50,362.60,96.92,241.11,0.6914,person
13,125,5.000,1022.98,366.48,86.18,202.49,0.7823,person
11,125,5.000,905.31,388.58,72.70,188.48,0.7480,person
14,125,5.000,619.71,362.13,95.44,241.83,0.6858,person
13,126,5.040,1025.66,365.49,85.72,198.63,0.6590,person
11,126,5.040,908.92,388.76,70.86,188.68,0.7506,person
14,126,5.040,620.52,361.97,93.64,241.82,0.6777,person
13,127,5.080,1029.74,367.12,82.03,192.12,0.5193,person
11,127,5.080,911.21,389.60,69.17,189.51,0.7608,person
14,127,5.080,621.42,361.79,92.06,242.10,0.6689,person
11,128,5.120,915.18,389.83,68.39,190.74,0.7477,person
14,128,5.120,622.28,361.51,90.33,242.66,0.5862,person
11,129,5.160,917.35,390.51,66.14,189.19,0.7352,person
14,129,5.160,623.31,361.58,88.54,243.01,0.5791,person
14,130,5.200,626.81,362.44,86.94,242.19,0.5513,person
14,131,5.240,626.51,363.09,85.42,241.59,0.5155,person
14,132,5.280,624.39,362.27,84.62,242.51,0.6018,person
14,133,5.320,623.45,361.87,83.74,242.48,0.6209,person
14,134,5.360,623.66,361.77,83.48,242.77,0.6745,person
14,135,5.400,632.44,361.58,85.95,243.29,0.6865,person
15,136,5.440,35.17,52.02,438.99,1016.20,0.7654,person
15,137,5.480,67.60,20.53,455.31,1046.80,0.8758,person
15,138,5.520,92.07,7.44,466.13,1058.84,0.9488,person
15,139,5.560,103.42,4.83,474.92,1061.07,0.9410,person
15,140,5.600,110.64,3.35,486.04,1063.57,0.9294,person
15,141,5.640,110.28,4.49,497.08,1062.21,0.9341,person
15,142,5.680,108.84,3.24,510.40,1064.96,0.9045,person
16,142,5.680,1464.75,388.61,62.17,185.35,0.5562,person
15,143,5.720,105.50,1.30,524.24,1065.13,0.8969,person
16,143,5.720,1456.49,389.68,62.24,183.91,0.6448,person
15,144,5.760,172.03,0.63,544.95,1065.36,0.9046,person
12,144,5.760,1290.84,357.93,77.57,211.44,0.6619,person
15,145,5.800,217.59,2.88,574.71,1061.03,0.5056,person
12,145,5.800,1299.23,357.75,76.15,209.93,0.7350,person
15,146,5.840,386.98,3.82,589.26,1062.00,0.5702,person
12,146,5.840,1305.24,356.44,73.43,201.01,0.6740,person
13,146,5.840,1154.93,369.03,81.62,201.77,0.6166,person
16,146,5.840,1434.08,395.45,60.22,174.59,0.5621,person
15,147,5.880,498.68,4.86,601.24,1059.93,0.8660,person
12,147,5.880,1309.56,357.87,73.85,204.19,0.6741,person
13,147,5.880,1164.97,370.05,73.17,181.76,0.6444,person
15,148,5.920,571.62,5.07,624.01,1060.93,0.8711,person
12,148,5.920,1311.51,358.46,73.85,205.83,0.6707,person
15,149,5.960,648.93,5.65,661.12,1062.40,0.8617,person
12,149,5.960,1315.17,359.13,74.97,206.54,0.7382,person
16,149,5.960,1422.13,401.53,55.41,159.40,0.6018,person
15,150,6.000,706.55,6.32,702.17,1061.44,0.8981,person
12,150,6.000,1325.49,362.10,72.31,202.03,0.5800,person
15,151,6.040,731.98,6.34,739.53,1060.66,0.9182,person
15,152,6.080,736.76,5.65,773.94,1062.38,0.9080,person
15,153,6.120,739.56,6.74,800.57,1060.65,0.8781,person
15,154,6.160,756.30,6.00,822.09,1062.27,0.8375,person
15,155,6.200,778.81,6.64,840.13,1061.99,0.8674,person
17,155,6.200,941.47,379.32,58.43,197.88,0.7085,person
15,156,6.240,822.05,7.58,850.83,1060.39,0.8830,person
17,156,6.240,941.25,377.52,58.90,199.61,0.7042,person
15,157,6.280,911.81,7.82,844.59,1059.54,0.8859,person
17,157,6.280,940.90,376.42,59.25,200.96,0.7003,person
13,157,6.280,1203.12,370.15,79.93,190.85,0.6230,person
15,158,6.320,1018.32,7.03,827.92,1060.13,0.8552,person
17,158,6.320,940.93,376.15,59.28,201.33,0.6963,person
13,158,6.320,1205.36,367.04,81.90,193.91,0.5458,person
14,158,6.320,625.67,366.51,81.56,238.39,0.6414,person
12,158,6.320,1352.83,364.52,73.88,199.23,0.7442,person
15,159,6.360,1144.74,6.62,775.26,1059.72,0.7466,person
17,159,6.360,940.99,375.37,59.35,201.86,0.6943,person
13,159,6.360,1211.77,364.49,80.56,193.51,0.5991,person
14,159,6.360,626.43,364.45,80.50,239.92,0.6099,person
12,159,6.360,1358.50,361.19,75.09,203.42,0.6873,person
15,160,6.400,1251.17,5.83,668.83,1061.52,0.8670,person
17,160,6.400,942.27,380.68,57.57,195.70,0.6906,person
13,160,6.400,1219.80,360.16,79.93,197.45,0.6997,person
14,160,6.400,627.72,364.02,78.58,240.10,0.5819,person
12,160,6.400,1368.70,358.54,74.37,207.82,0.6885,person
15,161,6.440,1320.11,6.79,599.89,1060.30,0.9096,person
17,161,6.440,942.26,377.41,58.47,198.92,0.6957,person
13,161,6.440,1230.70,364.77,76.95,194.99,0.6986,person
14,161,6.440,629.59,363.95,77.03,239.91,0.5842,person
12,161,6.440,1377.35,355.39,73.10,210.26,0.7247,person
16,161,6.440,1336.70,378.59,60.71,179.51,0.5335,person
15,162,6.480,1362.85,7.27,557.15,1058.69,0.8638,person
17,162,6.480,941.91,376.53,58.69,199.82,0.7013,person
13,162,6.480,1244.04,365.40,74.68,196.64,0.6606,person
14,162,6.480,630.43,363.76,75.30,239.44,0.5709,person
12,162,6.480,1382.87,355.57,71.29,210.07,0.7158,person
16,162,6.480,1332.40,379.40,61.25,180.89,0.5896,person
15,163,6.520,1391.75,7.77,528.25,1057.93,0.8537,person
17,163,6.520,942.93,380.78,57.33,195.10,0.7045,person
13,163,6.520,1253.93,366.74,70.26,189.13,0.5689,person
14,163,6.520,631.35,362.61,74.26,240.30,0.5663,person
12,163,6.520,1388.94,356.37,69.53,208.10,0.7097,person
16,163,6.520,1328.83,386.30,58.63,171.56,0.5441,person
15,164,6.560,1413.29,7.74,506.71,1058.11,0.8475,person
17,164,6.560,943.40,382.43,56.96,193.53,0.6996,person
13,164,6.560,1258.28,361.19,72.01,198.16,0.5595,person
14,164,6.560,631.87,362.44,73.64,240.27,0.5835,person
12,164,6.560,1396.25,357.38,69.26,207.27,0.7696,person
15,165,6.600,1428.52,8.56,491.48,1058.25,0.8503,person
17,165,6.600,942.42,378.89,57.98,197.27,0.6910,person
13,165,6.600,1266.64,361.77,72.92,200.22,0.5614,person
14,165,6.600,632.13,361.94,73.20,240.90,0.6021,person
12,165,6.600,1400.81,358.07,69.98,209.39,0.7636,person
15,166,6.640,1451.93,12.04,468.07,1055.59,0.8106,person
17,166,6.640,942.11,378.04,58.20,198.20,0.6985,person
13,166,6.640,1274.62,363.74,74.20,199.75,0.5903,person
14,166,6.640,632.02,360.79,72.85,242.02,0.6258,person
12,166,6.640,1404.61,359.64,69.57,205.67,0.7493,person
15,167,6.680,1477.77,18.34,442.23,1048.02,0.5594,person
17,167,6.680,943.16,382.14,57.27,194.16,0.6923,person
13,167,6.680,1279.66,365.19,75.61,199.43,0.7389,person
14,167,6.680,632.48,359.50,72.81,243.31,0.6148,person
12,167,6.680,1407.27,361.40,69.72,202.93,0.7387,person
15,168,6.720,1467.04,87.87,452.96,911.86,0.5406,person
17,168,6.720,943.68,383.77,57.06,192.40,0.6988,person
13,168,6.720,1281.39,365.60,77.81,197.42,0.7311,person
14,168,6.720,632.68,359.72,72.51,243.12,0.6041,person
12,168,6.720,1412.38,364.22,72.72,204.23,0.7487,person
15,169,6.760,1430.63,30.58,489.37,941.39,0.6866,person
17,169,6.760,943.80,384.13,57.25,192.07,0.6970,person
13,169,6.760,1281.97,367.72,80.00,195.38,0.7432,person
14,169,6.760,632.27,359.07,72.25,243.75,0.5832,person
12,169,6.760,1414.82,365.46,75.34,203.92,0.6603,person
20,169,6.760,1473.21,372.33,53.11,202.20,0.6081,person
15,170,6.800,1403.41,10.58,499.55,954.86,0.8085,person
17,170,6.800,943.66,384.46,57.59,192.06,0.6917,person
13,170,6.800,1279.77,368.12,83.03,194.53,0.7149,person
14,170,6.800,631.98,359.28,71.97,243.32,0.5713,person
12,170,6.800,1417.18,363.99,76.95,201.45,0.7452,person
15,171,6.840,1363.55,6.55,482.58,954.65,0.8253,person
17,171,6.840,943.47,384.70,58.02,192.60,0.6845,person
13,171,6.840,1279.56,375.15,83.29,187.78,0.5573,person
14,171,6.840,632.97,358.87,71.81,243.77,0.5576,person
16,171,6.840,1260.52,395.75,55.71,160.66,0.6242,person
15,172,6.880,1326.29,5.56,469.86,956.45,0.8799,person
17,172,6.880,943.08,385.24,58.18,192.40,0.6872,person
13,172,6.880,1298.09,367.39,82.48,191.97,0.5015,person
14,172,6.880,633.02,360.21,71.11,242.40,0.5245,person
16,172,6.880,1259.33,397.63,55.94,156.65,0.6546,person
15,173,6.920,1285.21,4.76,447.89,935.79,0.8819,person
17,173,6.920,942.84,385.12,58.45,192.56,0.6965,person
16,173,6.920,1253.57,398.89,55.57,152.68,0.6769,person
15,174,6.960,1247.82,3.68,445.55,944.34,0.8901,person
17,174,6.960,942.68,385.14,58.57,192.43,0.6855,person
14,174,6.960,630.97,360.11,70.95,242.32,0.5274,person
15,175,7.000,1213.29,2.98,443.03,939.46,0.8728,person
17,175,7.000,942.10,386.84,58.00,189.99,0.6960,person
15,176,7.040,1132.23,3.00,466.78,953.46,0.8892,person
17,176,7.040,941.85,388.02,57.73,188.55,0.6980,person
15,177,7.080,1085.81,3.85,488.52,961.41,0.9103,person
17,177,7.080,941.88,388.35,57.69,187.98,0.6844,person
15,178,7.120,1057.28,3.92,508.13,964.80,0.9023,person
17,178,7.120,941.61,388.32,57.83,188.01,0.6973,person
15,179,7.160,1022.29,5.54,520.57,963.15,0.8549,person
17,179,7.160,941.60,388.61,57.99,187.62,0.7248,person
15,180,7.200,1004.31,5.70,533.63,967.36,0.8356,person
17,180,7.200,941.42,388.82,58.34,188.43,0.6683,person
15,181,7.240,978.29,4.77,538.40,967.59,0.8818,person
17,181,7.240,947.72,389.06,52.61,164.33,0.5101,person
15,182,7.280,942.10,3.37,531.91,961.10,0.7963,person
15,183,7.320,930.28,2.32,518.01,954.80,0.5845,person
17,183,7.320,958.69,389.25,31.93,84.96,0.5252,person
15,184,7.360,886.74,1.53,498.83,953.81,0.6942,person
14,184,7.360,631.38,358.52,70.92,244.63,0.5016,person
15,185,7.400,833.84,2.40,481.90,960.73,0.8073,person
15,186,7.440,797.52,2.31,461.83,955.19,0.7590,person
15,187,7.480,772.67,5.30,440.88,935.15,0.8157,person
15,188,7.520,744.38,3.77,443.54,954.63,0.8552,person
15,189,7.560,680.98,4.71,451.46,953.86,0.8261,person
15,190,7.600,629.41,5.76,464.39,952.70,0.8600,person
15,191,7.640,625.34,4.94,470.28,947.43,0.8504,person
15,192,7.680,578.97,5.26,492.95,958.64,0.8927,person
15,193,7.720,553.19,6.37,510.41,965.12,0.8842,person
15,194,7.760,526.48,5.12,521.47,966.41,0.8911,person
15,195,7.800,492.25,6.75,519.90,960.25,0.8401,person
15,196,7.840,458.47,4.92,511.02,952.05,0.8350,person
15,197,7.880,427.16,4.08,481.79,927.60,0.6386,person
13,197,7.880,1452.84,376.38,87.99,193.04,0.6184,person
15,198,7.920,383.13,4.71,450.38,904.74,0.6315,person
15,199,7.960,330.27,9.93,447.54,927.89,0.7454,person
15,200,8.000,289.88,7.53,436.62,929.88,0.7536,person
21,200,8.000,1205.55,368.86,60.65,179.33,0.5722,person
15,201,8.040,266.58,5.26,422.02,912.56,0.8510,person
21,201,8.040,1208.75,369.08,63.28,185.28,0.6384,person
15,202,8.080,248.81,3.00,414.05,901.64,0.7041,person
21,202,8.080,1203.36,369.66,64.22,186.23,0.6750,person
16,202,8.080,1066.98,374.54,60.45,176.71,0.5903,person
15,203,8.120,201.57,9.74,420.27,900.59,0.8099,person
21,203,8.120,1194.84,367.78,65.75,189.44,0.6491,person
16,203,8.120,1057.97,376.79,60.94,175.28,0.6045,person
15,204,8.160,120.17,13.94,451.60,924.42,0.8741,person
21,204,8.160,1180.44,364.54,67.06,194.40,0.7211,person
15,205,8.200,98.55,11.84,468.79,928.97,0.7469,person
21,205,8.200,1171.14,364.16,67.93,198.19,0.7651,person
22,205,8.200,951.75,386.71,66.92,191.25,0.7292,person
15,206,8.240,104.20,181.51,419.18,769.11,0.5188,person
21,206,8.240,1163.78,366.45,65.66,191.53,0.7444,person
22,206,8.240,952.04,386.54,66.88,191.07,0.7084,person
21,207,8.280,1153.14,365.87,66.67,192.47,0.7060,person
22,207,8.280,953.36,390.66,65.56,187.24,0.6739,person
21,208,8.320,1143.88,366.27,68.26,192.32,0.7544,person
22,208,8.320,956.02,390.86,65.84,187.54,0.7103,person
15,208,8.320,77.39,261.64,398.91,693.68,0.5914,person
21,209,8.360,1136.50,369.86,69.19,187.62,0.7720,person
22,209,8.360,959.62,391.74,65.23,185.01,0.7222,person
15,209,8.360,9.86,85.30,489.75,856.57,0.8137,person
21,210,8.400,1129.00,369.67,72.59,188.96,0.7808,person
22,210,8.400,961.75,389.31,66.34,186.98,0.6919,person
15,210,8.400,0.00,29.03,474.37,894.64,0.7454,person
14,210,8.400,628.53,354.93,73.27,248.78,0.6323,person
21,211,8.440,1122.10,368.76,75.94,189.17,0.7996,person
22,211,8.440,961.19,388.57,66.50,187.48,0.7006,person
15,211,8.440,0.00,6.31,415.82,902.92,0.6428,person
14,211,8.440,632.26,355.07,71.05,248.05,0.5559,person
21,212,8.480,1115.03,367.69,79.95,193.00,0.7769,person
22,212,8.480,967.95,383.26,69.01,192.30,0.6951,person
15,212,8.480,0.00,0.00,364.55,910.20,0.6644,person
14,212,8.480,633.62,355.40,69.77,247.44,0.5585,person
21,213,8.520,1109.01,368.79,79.10,187.52,0.7163,person
22,213,8.520,971.66,377.35,71.82,199.13,0.7622,person
15,213,8.520,0.00,0.00,328.14,922.47,0.8663,person
14,213,8.520,635.31,356.00,69.04,246.94,0.5804,person
21,214,8.560,1095.83,366.77,78.60,188.79,0.6981,person
22,214,8.560,974.23,377.57,71.42,197.66,0.7381,person
15,214,8.560,0.00,0.00,296.87,914.24,0.8824,person
14,214,8.560,635.81,355.57,68.82,247.21,0.5593,person
21,215,8.600,1086.26,363.43,78.23,192.99,0.7725,person
22,215,8.600,973.14,378.14,71.25,195.86,0.7214,person
15,215,8.600,0.00,0.00,277.31,925.97,0.8585,person
14,215,8.600,636.14,356.84,68.25,245.78,0.5994,person
21,216,8.640,1077.17,363.67,77.64,197.27,0.7950,person
22,216,8.640,975.94,379.24,70.47,194.65,0.6580,person
15,216,8.640,0.00,0.00,256.69,920.55,0.8474,person
14,216,8.640,636.49,357.03,68.10,245.58,0.5829,person
21,217,8.680,1067.27,365.46,75.33,196.67,0.8001,person
22,217,8.680,977.37,384.71,69.65,192.44,0.7048,person
15,217,8.680,0.00,0.00,244.53,923.01,0.7594,person
14,217,8.680,635.99,356.12,67.97,246.32,0.5980,person
21,218,8.720,1060.49,365.46,72.73,193.18,0.8187,person
22,218,8.720,980.30,386.38,68.85,190.47,0.7039,person
15,218,8.720,0.00,4.04,239.66,934.43,0.7530,person
14,218,8.720,636.08,356.24,67.53,246.23,0.5610,person
21,219,8.760,1053.87,365.02,72.84,193.71,0.7445,person
22,219,8.760,982.98,386.80,68.53,188.98,0.7463,person
15,219,8.760,0.00,41.42,232.28,905.45,0.7487,person
14,219,8.760,636.29,355.97,67.33,246.64,0.5453,person
16,219,8.760,936.72,382.60,60.80,169.06,0.5590,person
21,220,8.800,1045.22,368.05,74.43,192.98,0.6981,person
22,220,8.800,983.43,388.32,68.51,187.52,0.7729,person
14,220,8.800,636.24,356.53,66.90,246.23,0.5157,person
16,220,8.800,943.03,382.54,55.55,165.69,0.6076,person
21,221,8.840,1043.02,365.98,75.40,192.83,0.6506,person
22,221,8.840,983.75,386.58,70.45,189.41,0.7850,person
14,221,8.840,636.71,355.79,66.95,247.10,0.5487,person
21,222,8.880,1042.23,367.81,75.44,189.74,0.5875,person
22,222,8.880,986.17,377.56,75.97,200.65,0.6729,person
14,222,8.880,641.85,354.84,68.48,248.07,0.5772,person
16,222,8.880,927.56,377.99,57.24,170.49,0.5652,person
22,223,8.920,994.48,371.99,81.35,204.87,0.7215,person
14,223,8.920,643.04,353.82,69.65,249.05,0.6070,person
16,223,8.920,922.40,374.45,58.38,174.97,0.7046,person
22,224,8.960,993.62,370.60,84.20,207.36,0.7830,person
14,224,8.960,639.21,353.99,69.35,248.80,0.6095,person
16,224,8.960,918.29,373.45,58.67,177.11,0.6882,person
22,225,9.000,993.56,367.36,87.74,211.18,0.8318,person
14,225,9.000,636.68,354.60,68.53,248.36,0.5522,person
16,225,9.000,911.31,372.63,59.26,181.92,0.6878,person
22,226,9.040,992.77,368.37,88.64,210.16,0.8233,person
14,226,9.040,635.82,355.55,67.74,247.62,0.5306,person
16,226,9.040,903.25,372.45,58.92,182.30,0.7333,person
22,227,9.080,993.72,367.82,89.51,210.09,0.6802,person
14,227,9.080,635.66,356.19,67.11,247.01,0.5168,person
16,227,9.080,893.27,373.02,60.16,181.19,0.6706,person
22,228,9.120,1005.21,372.55,86.86,205.72,0.5876,person
14,228,9.120,635.57,356.24,66.65,246.97,0.5276,person
16,228,9.120,885.26,376.44,61.07,176.74,0.6482,person
21,228,9.120,979.59,365.67,76.57,203.46,0.6178,person
22,229,9.160,1007.28,381.94,84.32,197.10,0.6784,person
14,229,9.160,635.67,355.95,66.28,247.22,0.5072,person
16,229,9.160,876.28,381.01,63.91,171.78,0.6839,person
21,229,9.160,973.47,365.95,72.40,199.49,0.7383,person
22,230,9.200,1009.88,384.57,84.55,196.51,0.7675,person
14,230,9.200,636.07,355.88,65.86,247.24,0.5073,person
16,230,9.200,874.78,381.91,66.28,170.89,0.6167,person
21,230,9.200,966.20,364.44,66.47,187.50,0.7429,person
22,231,9.240,1012.75,384.89,85.07,197.70,0.7447,person
14,231,9.240,636.13,355.88,65.43,247.09,0.5458,person
16,231,9.240,870.18,384.58,67.27,166.71,0.5079,person
21,231,9.240,957.02,364.44,65.15,184.18,0.6979,person
22,232,9.280,1021.55,389.12,81.76,190.92,0.7373,person
14,232,9.280,636.29,356.19,64.97,246.65,0.5406,person
21,232,9.280,946.51,368.09,68.25,182.93,0.7569,person
22,233,9.320,1033.44,391.46,77.96,186.07,0.7802,person
14,233,9.320,636.59,356.12,64.69,246.75,0.5619,person
21,233,9.320,933.73,368.96,73.63,184.83,0.7557,person
16,233,9.320,854.65,384.05,65.77,162.69,0.5365,person
22,234,9.360,1040.50,385.77,78.46,191.68,0.7564,person
14,234,9.360,636.44,356.30,64.40,246.43,0.5626,person
21,234,9.360,927.42,368.76,79.63,189.53,0.8096,person
16,234,9.360,849.66,379.52,63.10,157.43,0.6257,person
22,235,9.400,1047.79,383.99,78.12,194.67,0.7444,person
14,235,9.400,636.62,355.66,64.36,247.06,0.5625,person
21,235,9.400,924.50,366.27,83.65,191.79,0.7920,person
16,235,9.400,844.29,375.56,61.50,157.72,0.6140,person
22,236,9.440,1053.12,384.92,76.37,193.20,0.7866,person
21,236,9.440,920.88,364.67,83.46,189.51,0.7062,person
16,236,9.440,838.36,375.94,58.56,154.52,0.6327,person
23,236,9.440,8.79,291.78,118.22,272.82,0.6351,person
22,237,9.480,1057.23,384.61,75.57,192.93,0.8033,person
21,237,9.480,916.23,366.78,80.29,182.11,0.6428,person
16,237,9.480,831.83,376.49,57.97,155.33,0.5712,person
23,237,9.480,15.18,294.24,121.13,277.99,0.6149,person
14,237,9.480,637.10,355.18,64.35,247.65,0.5094,person
22,238,9.520,1061.20,384.98,75.60,193.07,0.7762,person
21,238,9.520,908.54,366.61,77.62,179.39,0.6733,person
16,238,9.520,824.68,375.71,57.44,155.10,0.6490,person
23,238,9.520,28.45,295.93,125.81,285.08,0.8122,person
14,238,9.520,637.37,355.02,64.22,247.59,0.5845,person
22,239,9.560,1065.12,385.90,76.95,193.83,0.8161,person
21,239,9.560,896.45,366.32,77.31,184.35,0.7070,person
16,239,9.560,815.27,375.44,59.61,160.69,0.6917,person
23,239,9.560,42.87,295.64,129.48,289.57,0.7853,person
14,239,9.560,637.62,355.15,64.07,247.39,0.5952,person
22,240,9.600,1068.17,387.01,78.61,194.13,0.8199,person
21,240,9.600,883.72,364.64,76.70,190.31,0.7716,person
16,240,9.600,807.71,388.12,55.85,147.04,0.6776,person
23,240,9.600,64.64,296.79,129.82,285.00,0.7206,person
14,240,9.600,637.50,355.33,64.14,247.35,0.5978,person
22,241,9.640,1069.92,388.93,79.50,192.74,0.8153,person
21,241,9.640,872.94,364.06,75.61,194.43,0.7517,person
16,241,9.640,800.14,386.18,58.42,150.55,0.6319,person
23,241,9.640,85.23,297.77,125.84,270.10,0.8490,person
14,241,9.640,637.43,355.57,64.18,247.22,0.5947,person
22,242,9.680,1072.92,389.42,81.25,193.44,0.7958,person
21,242,9.680,866.10,364.19,73.46,193.39,0.6652,person
16,242,9.680,790.70,384.02,62.24,157.89,0.5701,person
23,242,9.680,102.76,299.11,125.33,263.07,0.8109,person
14,242,9.680,637.50,355.13,64.40,247.72,0.5942,person
22,243,9.720,1076.49,391.41,82.38,192.80,0.7978,person
21,243,9.720,853.13,364.59,73.13,193.50,0.6315,person
23,243,9.720,114.45,300.38,132.27,272.34,0.8137,person
14,243,9.720,637.10,355.10,64.55,247.90,0.5882,person
22,244,9.760,1080.77,389.89,83.83,195.21,0.7736,person
21,244,9.760,849.94,366.56,64.37,169.71,0.5172,person
23,244,9.760,130.96,301.41,132.16,265.60,0.8503,person
14,244,9.760,637.19,355.29,64.68,247.78,0.5835,person
16,244,9.760,778.29,383.13,67.62,167.68,0.6131,person
22,245,9.800,1089.16,388.88,83.97,196.64,0.7592,person
21,245,9.800,846.18,367.44,70.71,182.32,0.5960,person
23,245,9.800,149.33,302.08,134.08,264.80,0.7469,person
14,245,9.800,638.41,354.47,65.66,248.96,0.6021,person
22,246,9.840,1098.89,388.61,83.27,196.00,0.7388,person
21,246,9.840,837.65,366.56,74.12,185.42,0.6011,person
23,246,9.840,168.20,303.70,134.15,260.36,0.8893,person
14,246,9.840,638.28,354.50,66.12,248.90,0.6218,person
16,246,9.840,768.22,394.59,66.15,162.02,0.6870,person
22,247,9.880,1108.53,388.75,81.75,195.86,0.7177,person
21,247,9.880,826.84,365.38,73.54,184.36,0.6360,person
23,247,9.880,187.09,304.55,134.80,257.10,0.8533,person
14,247,9.880,637.42,354.62,66.22,248.70,0.6084,person
16,247,9.880,761.11,400.68,63.34,154.92,0.7000,person
22,248,9.920,1116.70,389.36,79.55,195.16,0.7644,person
21,248,9.920,821.37,365.68,74.40,187.03,0.5659,person
23,248,9.920,199.64,304.21,143.18,271.66,0.7995,person
14,248,9.920,637.72,354.95,66.45,248.31,0.5700,person
16,248,9.920,754.27,398.50,60.62,148.06,0.5804,person
22,249,9.960,1123.20,390.03,76.86,193.70,0.7464,person
21,249,9.960,809.45,364.96,72.57,184.86,0.6549,person
23,249,9.960,219.09,305.43,138.38,260.79,0.8980,person
14,249,9.960,637.87,354.78,66.86,248.62,0.5636,person
16,249,9.960,749.73,401.30,56.85,139.21,0.5214,person
22,250,10.000,1130.46,389.32,75.07,193.14,0.7532,person
21,250,10.000,802.50,364.45,73.41,186.30,0.6758,person
23,250,10.000,243.01,305.33,135.84,251.80,0.8227,person
22,251,10.040,1136.12,389.55,73.97,192.07,0.7431,person
21,251,10.040,796.30,364.53,71.74,186.54,0.7377,person
23,251,10.040,258.16,305.05,136.50,250.89,0.8471,person
22,252,10.080,1142.95,389.54,75.40,193.30,0.7982,person
21,252,10.080,784.36,364.41,72.55,192.10,0.7942,person
23,252,10.080,267.81,304.40,140.50,261.02,0.7792,person
22,253,10.120,1149.93,388.31,78.08,194.07,0.8288,person
21,253,10.120,773.30,363.56,72.72,195.76,0.7805,person
23,253,10.120,289.44,304.99,143.40,265.52,0.7615,person
14,253,10.120,637.91,355.42,67.17,247.02,0.5220,person
22,254,10.160,1153.60,388.93,80.10,192.19,0.8507,person
21,254,10.160,768.03,363.05,71.56,195.91,0.8009,person
23,254,10.160,308.17,306.51,151.38,281.21,0.7856,person
14,254,10.160,635.91,356.57,66.76,245.44,0.5803,person
22,255,10.200,1156.21,389.46,82.53,190.38,0.8479,person
21,255,10.200,762.40,364.17,72.17,196.52,0.8022,person
23,255,10.200,329.49,304.50,148.26,274.27,0.7267,person
22,256,10.240,1158.27,391.64,84.15,187.38,0.8394,person
21,256,10.240,756.70,364.98,73.56,195.74,0.7559,person
23,256,10.240,347.87,306.44,154.97,285.92,0.7739,person
22,257,10.280,1159.68,390.69,87.92,189.51,0.8307,person
21,257,10.280,749.62,367.13,75.81,194.06,0.7406,person
23,257,10.280,359.67,303.67,156.92,292.30,0.7832,person
22,258,10.320,1161.75,392.17,90.19,189.59,0.8074,person
21,258,10.320,744.20,365.62,78.71,193.22,0.6463,person
23,258,10.320,378.14,305.51,153.85,288.87,0.7594,person
14,258,10.320,644.14,358.37,57.57,204.14,0.5278,person
22,259,10.360,1162.64,391.55,92.90,191.98,0.7932,person
21,259,10.360,739.33,366.69,79.99,190.01,0.6695,person
23,259,10.360,399.99,307.22,147.10,276.79,0.8317,person
14,259,10.360,642.32,358.17,59.48,210.37,0.5513,person
22,260,10.400,1166.19,389.92,94.98,195.21,0.7480,person
23,260,10.400,421.27,303.85,144.34,271.49,0.6910,person
22,261,10.440,1170.61,387.83,94.35,194.12,0.7409,person
23,261,10.440,443.21,306.78,140.22,261.85,0.6544,person
21,261,10.440,714.99,367.79,70.21,170.39,0.5018,person
14,261,10.440,651.65,355.56,59.02,195.92,0.5509,person
22,262,10.480,1180.41,387.30,92.03,192.00,0.7754,person
23,262,10.480,471.54,306.20,128.37,231.41,0.6637,person
14,262,10.480,646.63,350.52,71.70,235.03,0.6320,person
22,263,10.520,1189.01,384.60,89.98,193.23,0.7709,person
23,263,10.520,481.41,305.86,134.61,243.56,0.6784,person
14,263,10.520,645.72,351.71,72.52,236.52,0.5503,person
22,264,10.560,1197.28,380.42,87.50,195.17,0.7756,person
23,264,10.560,498.28,304.39,132.71,237.45,0.6840,person
14,264,10.560,642.39,349.94,75.23,245.29,0.5519,person
25,264,10.560,37.19,6.24,582.63,1060.82,0.8584,person
22,265,10.600,1203.51,377.92,85.33,198.33,0.8200,person
23,265,10.600,516.61,302.74,137.37,243.37,0.6139,person
25,265,10.600,36.37,3.99,587.05,1066.32,0.8823,person
22,266,10.640,1210.13,377.41,82.81,199.82,0.7987,person
23,266,10.640,531.69,309.28,135.36,239.22,0.5335,person
25,266,10.640,39.47,7.94,587.47,1062.79,0.9200,person
22,267,10.680,1216.65,378.10,79.92,198.89,0.8395,person
23,267,10.680,540.56,314.82,132.16,235.24,0.5362,person
25,267,10.680,47.91,8.74,590.47,1061.28,0.9272,person
14,267,10.680,650.79,347.69,68.26,213.25,0.5457,person
22,268,10.720,1222.75,379.84,77.67,196.42,0.8481,person
25,268,10.720,62.34,8.58,596.18,1060.34,0.9267,person
22,269,10.760,1227.71,383.31,75.90,192.94,0.7855,person
25,269,10.760,76.22,8.18,603.22,1057.25,0.8039,person
22,270,10.800,1233.19,387.28,75.00,190.66,0.8160,person
25,270,10.800,213.53,7.07,595.74,1060.73,0.5124,person
22,271,10.840,1235.57,386.42,75.33,190.63,0.8422,person
25,271,10.840,152.54,6.17,609.00,1063.04,0.7072,person
22,272,10.880,1239.26,386.99,75.68,189.80,0.8526,person
25,272,10.880,128.35,5.51,623.74,1060.54,0.9035,person
22,273,10.920,1243.44,388.43,75.32,187.46,0.8079,person
25,273,10.920,179.07,5.97,641.44,1059.72,0.7575,person
22,274,10.960,1247.59,387.67,75.86,188.14,0.7946,person
25,274,10.960,314.62,6.39,649.52,1046.57,0.8544,person
22,275,11.000,1257.44,388.95,74.96,190.19,0.7214,person
25,275,11.000,425.98,6.41,677.81,1054.61,0.8819,person
25,276,11.040,523.90,4.03,716.42,1062.59,0.5774,person
25,277,11.080,600.33,5.90,755.24,1061.94,0.6391,person
25,278,11.120,753.26,8.19,775.30,1059.15,0.7529,person
25,279,11.160,875.58,7.32,809.36,1054.79,0.8303,person
26,279,11.160,402.33,7.51,438.14,1060.29,0.5951,person
25,280,11.200,789.54,7.59,872.74,1058.05,0.7457,person
21,280,11.200,554.34,350.40,77.80,193.88,0.5712,person
25,281,11.240,742.58,7.59,929.74,1058.94,0.7679,person
25,282,11.280,696.22,6.27,975.21,1060.18,0.5403,person
21,282,11.280,539.95,358.95,80.58,192.24,0.5382,person
25,283,11.320,703.01,5.83,1014.58,1058.31,0.8270,person
21,283,11.320,538.03,358.58,84.82,193.34,0.5356,person
25,284,11.360,723.53,5.53,1043.74,1056.60,0.7783,person
23,284,11.360,818.56,315.32,142.06,272.56,0.7125,person
22,284,11.360,1302.41,386.09,79.95,206.58,0.6284,person
25,285,11.400,570.87,4.73,1014.04,1051.38,0.7140,person
23,285,11.400,852.07,317.02,145.29,271.80,0.8043,person
22,285,11.400,1316.62,388.05,76.12,195.12,0.7499,person
21,285,11.400,518.85,362.83,79.96,186.97,0.5494,person
25,286,11.440,557.31,4.56,988.69,1053.12,0.8572,person
23,286,11.440,871.23,321.15,144.71,268.51,0.8263,person
21,286,11.440,508.92,365.82,77.30,184.93,0.5918,person
25,287,11.480,618.14,5.10,959.75,1053.27,0.7751,person
23,287,11.480,889.41,322.08,141.14,258.23,0.7909,person
21,287,11.480,505.68,367.78,74.29,181.24,0.6207,person
25,288,11.520,749.76,6.68,921.65,1056.81,0.8084,person
23,288,11.520,904.16,321.78,144.19,263.01,0.7895,person
21,288,11.520,497.33,366.43,75.27,184.54,0.5900,person
25,289,11.560,856.68,7.42,887.81,1060.02,0.8415,person
23,289,11.560,926.55,329.94,141.35,251.88,0.7349,person
21,289,11.560,488.42,365.82,76.19,187.58,0.6696,person
25,290,11.600,949.14,7.25,853.21,1061.29,0.9054,person
23,290,11.600,944.31,329.19,133.21,233.14,0.6887,person
21,290,11.600,483.08,365.37,77.24,189.35,0.7001,person
25,291,11.640,1034.25,6.22,829.41,1065.36,0.8979,person
23,291,11.640,955.23,327.99,132.97,229.53,0.6610,person
21,291,11.640,481.72,361.77,78.88,191.65,0.6287,person
25,292,11.680,1087.31,7.20,807.53,1063.87,0.9024,person
23,292,11.680,961.72,333.97,137.16,239.68,0.7317,person
21,292,11.680,478.25,364.86,77.62,187.41,0.5954,person
25,293,11.720,1145.59,7.51,774.41,1063.48,0.9292,person
23,293,11.720,978.96,332.27,130.51,228.57,0.6910,person
25,294,11.760,1167.60,7.98,752.40,1063.64,0.9206,person
23,294,11.760,1001.28,331.44,133.41,230.87,0.6610,person
25,295,11.800,1179.70,8.00,740.30,1059.65,0.9087,person
23,295,11.800,1015.20,331.18,136.27,232.54,0.6895,person
25,296,11.840,1185.51,7.42,734.49,1061.62,0.8914,person
23,296,11.840,1029.94,331.15,129.60,220.86,0.6158,person
25,297,11.880,1199.68,9.61,720.32,1057.22,0.8583,person
25,298,11.920,1212.31,9.91,707.69,1058.13,0.8257,person
25,299,11.960,1217.73,10.39,702.27,1057.72,0.8510,person
25,300,12.000,1302.75,12.03,617.25,1057.25,0.8128,person
25,301,12.040,1390.89,13.00,529.11,1054.20,0.6918,person
25,302,12.080,1429.31,7.79,490.69,1050.99,0.7020,person
25,303,12.120,1388.39,5.49,531.61,1047.37,0.7246,person
25,304,12.160,1280.02,3.25,639.98,1056.47,0.9138,person
25,305,12.200,1258.21,5.03,657.72,1059.96,0.9293,person
25,306,12.240,1177.10,8.93,679.48,1060.30,0.8716,person
25,307,12.280,1136.45,9.95,698.92,1057.68,0.8947,person
25,308,12.320,1103.63,8.66,721.47,1059.41,0.9182,person
25,309,12.360,1062.07,9.36,739.06,1057.82,0.8794,person
25,310,12.400,1025.12,6.55,763.91,1067.28,0.8742,person
27,310,12.400,1600.59,6.93,280.40,916.71,0.7780,person
25,311,12.440,982.11,6.70,776.09,1069.22,0.7499,person
27,311,12.440,1585.86,4.54,294.52,957.76,0.8313,person
25,312,12.480,936.19,6.06,768.72,1059.76,0.7412,person
27,312,12.480,1530.29,5.42,312.17,998.38,0.6307,person
25,313,12.520,900.89,6.03,745.32,1032.96,0.5442,person
27,313,12.520,1448.38,9.58,324.46,1020.84,0.5156,person
25,314,12.560,752.49,5.54,729.30,1052.55,0.8248,person
27,314,12.560,1410.74,7.01,331.42,1028.32,0.6211,person
25,315,12.600,733.54,6.00,738.00,1057.64,0.9043,person
27,315,12.600,1436.37,7.41,342.70,1027.00,0.7759,person
25,316,12.640,659.89,6.02,754.66,1061.42,0.8399,person
27,316,12.640,1441.78,8.46,356.16,1030.71,0.8663,person
25,317,12.680,532.03,6.44,791.66,1064.85,0.8664,person
27,317,12.680,1427.90,8.81,368.88,1031.47,0.9037,person
25,318,12.720,446.09,6.32,818.36,1065.39,0.8847,person
27,318,12.720,1388.61,6.89,378.40,1031.84,0.8374,person
25,319,12.760,445.56,5.51,826.47,1063.94,0.8818,person
27,319,12.760,1346.71,7.46,389.09,1034.32,0.7273,person
25,320,12.800,411.68,6.07,824.34,1058.90,0.8654,person
27,320,12.800,1295.82,5.77,396.10,1031.94,0.7757,person
25,321,12.840,339.88,6.12,828.23,1066.87,0.8862,person
27,321,12.840,1230.55,5.17,394.18,1022.68,0.7067,person
25,322,12.880,269.88,5.71,824.00,1065.09,0.8297,person
27,322,12.880,1189.05,5.36,401.82,1023.33,0.7207,person
25,323,12.920,232.54,4.83,808.58,1060.48,0.6177,person
27,323,12.920,1071.70,6.18,429.97,1029.71,0.8054,person
25,324,12.960,178.35,6.01,780.80,1063.17,0.6463,person
27,324,12.960,996.11,6.87,458.75,1027.94,0.7883,person
25,325,13.000,94.73,5.20,759.81,1069.16,0.7547,person
27,325,13.000,948.57,6.71,488.93,1033.18,0.6486,person
25,326,13.040,64.61,5.19,736.41,1068.44,0.8058,person
27,326,13.040,917.40,5.92,514.88,1029.97,0.7206,person
25,327,13.080,0.00,7.87,684.44,1068.13,0.8456,person
27,327,13.080,894.24,7.33,543.62,1036.85,0.7907,person
25,328,13.120,0.00,8.48,621.64,1068.44,0.9282,person
27,328,13.120,797.48,5.41,544.90,1044.69,0.5743,person
25,329,13.160,0.00,7.46,591.32,1068.88,0.9257,person
27,329,13.160,820.12,7.17,563.64,1046.07,0.8342,person
25,330,13.200,0.00,7.43,577.26,1068.86,0.8994,person
27,330,13.200,813.00,8.51,573.57,1042.13,0.8489,person
25,331,13.240,0.00,6.40,552.86,1039.68,0.8922,person
27,331,13.240,800.79,7.75,577.12,1035.57,0.8621,person
25,332,13.280,0.00,6.52,518.99,995.16,0.8703,person
27,332,13.280,770.17,7.37,580.28,1040.16,0.8299,person
25,333,13.320,0.00,7.03,465.10,970.17,0.7844,person
27,333,13.320,745.25,6.35,579.58,1039.48,0.8358,person
27,334,13.360,722.15,4.93,580.10,1044.48,0.6058,person
27,335,13.400,649.47,5.35,565.53,1044.19,0.6574,person
27,336,13.440,598.31,3.43,560.98,1044.64,0.7457,person
30,336,13.440,978.11,3.71,298.39,978.17,0.5770,person
27,337,13.480,522.52,5.63,555.31,1035.96,0.8564,person
30,337,13.480,973.28,4.50,298.73,976.97,0.5001,person
27,338,13.520,439.68,7.31,568.88,1033.69,0.6998,person
27,339,13.560,384.76,7.55,587.12,1032.62,0.8055,person
30,339,13.560,846.65,0.54,319.66,1015.10,0.6093,person
27,340,13.600,344.07,7.93,604.71,1031.71,0.8591,person
27,341,13.640,325.09,8.32,621.03,1027.97,0.8395,person
27,342,13.680,328.95,8.08,646.91,1028.67,0.8726,person
27,343,13.720,293.54,8.68,664.51,1032.71,0.8793,person
27,344,13.760,261.57,9.55,667.84,1025.83,0.8607,person
27,345,13.800,225.40,5.80,664.29,1022.64,0.8424,person
27,346,13.840,201.85,5.46,656.41,1016.67,0.8444,person
27,347,13.880,152.12,8.94,638.72,1012.72,0.6670,person
27,348,13.920,90.99,4.91,615.30,1013.33,0.6890,person
30,348,13.920,439.46,5.81,329.63,997.80,0.8432,person
30,349,13.960,417.42,5.38,346.53,1006.83,0.8389,person
30,350,14.000,392.47,5.81,359.53,996.96,0.7852,person
30,351,14.040,403.87,5.20,365.30,991.18,0.8083,person
32,351,14.040,1480.16,383.85,77.12,192.62,0.5788,person
27,351,14.040,0.00,7.76,468.95,978.17,0.8247,person
30,352,14.080,394.69,5.53,374.02,989.16,0.8244,person
27,352,14.080,0.00,7.95,485.53,992.87,0.8839,person
30,353,14.120,435.87,6.18,266.60,674.60,0.5428,person
27,353,14.120,0.00,8.85,526.58,1019.44,0.7949,person
32,353,14.120,1468.05,382.67,76.84,192.95,0.6804,person
27,354,14.160,5.04,7.66,599.80,1045.30,0.9145,person
32,354,14.160,1461.13,377.59,78.63,198.32,0.7135,person
27,355,14.200,57.20,7.66,627.61,1054.20,0.8611,person
32,355,14.200,1453.24,378.45,77.99,196.90,0.7399,person
27,356,14.240,94.95,8.39,655.92,1053.75,0.7817,person
32,356,14.240,1447.22,382.81,76.82,192.87,0.7143,person
33,356,14.240,1214.74,381.52,88.27,168.97,0.6222,person
27,357,14.280,114.20,10.81,686.61,1054.57,0.7121,person
32,357,14.280,1443.58,381.41,77.54,193.77,0.6566,person
33,357,14.280,1208.89,390.47,82.34,158.35,0.7403,person
27,358,14.320,131.41,10.84,720.47,1055.74,0.8001,person
32,358,14.320,1440.96,383.64,76.42,190.27,0.6438,person
33,358,14.320,1205.16,395.33,78.40,151.83,0.7064,person
27,359,14.360,162.18,8.40,753.66,1057.61,0.6908,person
32,359,14.360,1438.17,386.75,74.65,185.69,0.6510,person
33,359,14.360,1197.30,390.26,81.90,160.21,0.7022,person
32,360,14.400,1432.82,388.97,73.45,183.27,0.6288,person
33,360,14.400,1194.46,391.15,79.72,157.16,0.6450,person
32,361,14.440,1427.95,385.67,73.49,183.70,0.5535,person
33,361,14.440,1188.20,389.89,78.96,157.40,0.5090,person
27,361,14.440,61.13,5.78,723.32,1015.92,0.5770,person
32,362,14.480,1421.76,382.39,75.08,186.73,0.6024,person
27,362,14.480,55.38,2.16,757.61,1047.51,0.5273,person
27,363,14.520,106.87,4.26,759.64,1047.19,0.5344,person
34,363,14.520,0.00,6.56,359.68,889.78,0.8583,person
27,364,14.560,275.87,5.05,735.02,1052.66,0.5660,person
34,364,14.560,0.00,5.00,365.19,940.10,0.8320,person
27,365,14.600,364.90,3.53,706.09,1059.39,0.8214,person
34,365,14.600,0.00,4.79,365.94,951.01,0.8936,person
35,365,14.600,969.10,5.57,670.65,1058.04,0.8866,person
27,366,14.640,449.71,3.50,681.85,1062.03,0.7315,person
34,366,14.640,0.00,3.80,363.93,953.15,0.8999,person
35,366,14.640,1031.24,5.37,673.57,1057.26,0.7895,person
27,367,14.680,536.62,5.26,661.07,1062.14,0.7987,person
34,367,14.680,0.00,3.72,362.15,951.49,0.8986,person
35,367,14.680,1099.71,5.59,678.54,1053.61,0.7608,person
27,368,14.720,626.51,5.62,646.49,1062.57,0.7510,person
34,368,14.720,0.00,3.46,357.20,951.89,0.8840,person
35,368,14.720,1124.76,5.80,688.91,1056.49,0.8951,person
27,369,14.760,677.59,5.63,635.63,1060.45,0.7869,person
34,369,14.760,0.00,2.31,347.62,948.73,0.8566,person
35,369,14.760,1146.02,7.90,694.35,1052.44,0.8814,person
27,370,14.800,757.18,6.95,641.73,1056.37,0.7355,person
34,370,14.800,0.00,3.70,323.68,943.15,0.6603,person
35,370,14.800,1179.54,7.48,692.52,1041.45,0.7022,person
27,372,14.880,795.59,8.01,647.90,1060.60,0.6742,person
27,373,14.920,920.67,5.69,703.26,1064.50,0.5744,person
27,374,14.960,952.74,5.50,751.00,1069.02,0.7537,person
27,375,15.000,903.96,5.67,757.58,1069.53,0.9037,person
33,375,15.000,1087.82,381.48,84.53,174.60,0.5724,person
27,376,15.040,937.59,5.27,751.83,1068.90,0.8103,person
33,376,15.040,1082.82,382.31,82.79,172.71,0.7341,person
27,377,15.080,1080.32,5.26,756.17,1067.63,0.8303,person
33,377,15.080,1072.49,381.29,83.79,172.76,0.7808,person
32,377,15.080,1348.29,382.88,77.19,185.04,0.5931,person
27,378,15.120,1169.73,5.91,743.53,1062.51,0.7741,person
33,378,15.120,1063.61,383.31,85.33,171.27,0.8140,person
32,378,15.120,1344.17,377.97,82.28,189.56,0.6727,person
27,379,15.160,1252.42,7.10,667.58,1061.49,0.8877,person
33,379,15.160,1057.67,384.05,86.68,170.47,0.7986,person
32,379,15.160,1342.93,376.28,84.32,187.96,0.7469,person
27,380,15.200,1360.06,6.24,559.94,1013.74,0.7097,person
33,380,15.200,1053.22,386.37,86.34,166.92,0.7611,person
32,380,15.200,1340.67,378.61,85.46,184.81,0.6988,person
27,381,15.240,1392.37,7.35,527.63,1042.42,0.8681,person
33,381,15.240,1050.38,388.13,87.06,165.52,0.7531,person
32,381,15.240,1334.51,378.21,89.31,188.40,0.7214,person
27,382,15.280,1407.65,7.46,512.35,1057.43,0.9056,person
33,382,15.280,1044.76,388.51,88.09,166.65,0.7248,person
32,382,15.280,1324.89,378.30,92.20,190.82,0.7486,person
27,383,15.320,1418.34,7.40,501.66,1062.50,0.9207,person
33,383,15.320,1036.73,388.60,87.65,166.10,0.6869,person
32,383,15.320,1314.57,378.48,94.59,192.06,0.7625,person
27,384,15.360,1427.62,7.25,492.38,1063.92,0.9121,person
33,384,15.360,1027.72,387.95,84.96,164.53,0.6374,person
32,384,15.360,1307.58,379.78,95.57,191.59,0.7515,person
36,384,15.360,705.42,367.73,76.27,194.96,0.7047,person
27,385,15.400,1435.94,5.86,484.06,1066.98,0.9114,person
33,385,15.400,1021.94,385.32,85.30,169.81,0.6547,person
32,385,15.400,1313.74,380.28,92.02,190.66,0.6682,person
36,385,15.400,711.20,380.66,72.11,183.01,0.6794,person
27,386,15.440,1463.84,82.61,456.16,991.30,0.8870,person
33,386,15.440,1017.95,381.49,85.11,174.03,0.6697,person
32,386,15.440,1301.51,380.37,92.57,190.79,0.6981,person
36,386,15.440,712.45,384.57,71.33,178.77,0.7250,person
27,387,15.480,1571.94,368.78,348.06,703.57,0.6130,person
33,387,15.480,1013.35,380.86,83.09,173.43,0.7473,person
32,387,15.480,1296.77,379.81,92.82,190.27,0.6306,person
36,387,15.480,717.18,383.28,72.23,178.82,0.5890,person
27,388,15.520,1680.72,650.41,235.47,423.10,0.6864,person
33,388,15.520,1008.50,381.53,80.20,167.47,0.7290,person
32,388,15.520,1287.33,379.17,91.10,189.79,0.5823,person
36,388,15.520,719.49,382.57,73.45,179.37,0.6400,person
33,389,15.560,999.77,382.86,79.80,165.72,0.7927,person
32,389,15.560,1277.41,380.30,87.26,188.77,0.5517,person
36,389,15.560,723.68,382.61,73.78,178.22,0.7051,person
37,389,15.560,639.75,358.14,80.49,245.52,0.7240,person
33,390,15.600,991.77,384.12,80.47,164.29,0.8214,person
32,390,15.600,1270.66,379.31,84.01,188.58,0.5486,person
36,390,15.600,731.57,380.37,74.63,179.09,0.7163,person
37,390,15.600,637.54,358.50,80.27,245.47,0.7745,person
33,391,15.640,982.39,387.56,81.73,162.78,0.8004,person
32,391,15.640,1266.83,377.70,82.53,191.00,0.5782,person
36,391,15.640,738.99,380.77,74.99,180.67,0.7707,person
37,391,15.640,635.23,358.56,80.10,245.57,0.8244,person
33,392,15.680,976.20,388.87,83.37,162.49,0.7911,person
32,392,15.680,1264.07,377.27,81.17,192.22,0.5161,person
36,392,15.680,750.82,379.90,74.25,182.03,0.8369,person
37,392,15.680,630.47,359.21,79.85,245.01,0.8467,person
